currency,rate,base_currency,date
USD,1.0,USD,2026-01-11
AED,3.6725,USD,2026-01-11
AFN,66.0839,USD,2026-01-11
ALL,82.6851,USD,2026-01-11
AMD,381.3546,USD,2026-01-11
ANG,1.79,USD,2026-01-11
AOA,919.4276,USD,2026-01-11
ARS,1452.25,USD,2026-01-11
AUD,1.4955,USD,2026-01-11
AWG,1.79,USD,2026-01-11
AZN,1.7001,USD,2026-01-11
BAM,1.6803,USD,2026-01-11
BBD,2.0,USD,2026-01-11
BDT,122.1856,USD,2026-01-11
BGN,1.6637,USD,2026-01-11
BHD,0.376,USD,2026-01-11
BIF,2968.0881,USD,2026-01-11
BMD,1.0,USD,2026-01-11
BND,1.2866,USD,2026-01-11
BOB,6.9299,USD,2026-01-11
BRL,5.3822,USD,2026-01-11
BSD,1.0,USD,2026-01-11
BTN,90.1581,USD,2026-01-11
BWP,13.7834,USD,2026-01-11
BYN,2.9516,USD,2026-01-11
BZD,2.0,USD,2026-01-11
CAD,1.3891,USD,2026-01-11
CDF,2245.5768,USD,2026-01-11
CHF,0.8009,USD,2026-01-11
CLF,0.02269,USD,2026-01-11
CLP,896.9256,USD,2026-01-11
CNH,6.9764,USD,2026-01-11
CNY,6.9967,USD,2026-01-11
COP,3732.9619,USD,2026-01-11
CRC,497.1837,USD,2026-01-11
CUP,24.0,USD,2026-01-11
CVE,94.7302,USD,2026-01-11
CZK,20.8676,USD,2026-01-11
DJF,177.721,USD,2026-01-11
DKK,6.4101,USD,2026-01-11
DOP,63.4651,USD,2026-01-11
DZD,129.9411,USD,2026-01-11
EGP,47.2833,USD,2026-01-11
ERN,15.0,USD,2026-01-11
ETB,154.1122,USD,2026-01-11
EUR,0.8591,USD,2026-01-11
FJD,2.2767,USD,2026-01-11
FKP,0.7455,USD,2026-01-11
FOK,6.4101,USD,2026-01-11
GBP,0.7455,USD,2026-01-11
GEL,2.6956,USD,2026-01-11
GGP,0.7455,USD,2026-01-11
GHS,10.7302,USD,2026-01-11
GIP,0.7455,USD,2026-01-11
GMD,73.8735,USD,2026-01-11
GNF,8747.559,USD,2026-01-11
GTQ,7.6652,USD,2026-01-11
GYD,209.1516,USD,2026-01-11
HKD,7.7943,USD,2026-01-11
HNL,26.3702,USD,2026-01-11
HRK,6.473,USD,2026-01-11
HTG,130.9679,USD,2026-01-11
HUF,331.1277,USD,2026-01-11
IDR,16817.1785,USD,2026-01-11
ILS,3.1602,USD,2026-01-11
IMP,0.7455,USD,2026-01-11
INR,90.1802,USD,2026-01-11
IQD,1310.6298,USD,2026-01-11
IRR,42085.058,USD,2026-01-11
ISK,126.5743,USD,2026-01-11
JEP,0.7455,USD,2026-01-11
JMD,158.1326,USD,2026-01-11
JOD,0.709,USD,2026-01-11
JPY,157.7408,USD,2026-01-11
KES,128.9732,USD,2026-01-11
KGS,87.3915,USD,2026-01-11
KHR,4018.7021,USD,2026-01-11
KID,1.4955,USD,2026-01-11
KMF,422.6565,USD,2026-01-11
KRW,1457.3794,USD,2026-01-11
KWD,0.3072,USD,2026-01-11
KYD,0.8333,USD,2026-01-11
KZT,510.5096,USD,2026-01-11
LAK,21687.2395,USD,2026-01-11
LBP,89500.0,USD,2026-01-11
LKR,309.6293,USD,2026-01-11
LRD,179.1411,USD,2026-01-11
LSL,16.5035,USD,2026-01-11
LYD,5.4155,USD,2026-01-11
MAD,9.2279,USD,2026-01-11
MDL,16.8613,USD,2026-01-11
MGA,4597.6518,USD,2026-01-11
MKD,52.8151,USD,2026-01-11
MMK,2103.0299,USD,2026-01-11
MNT,3559.191,USD,2026-01-11
MOP,8.0282,USD,2026-01-11
MRU,39.9671,USD,2026-01-11
MUR,46.5949,USD,2026-01-11
MVR,15.4402,USD,2026-01-11
MWK,1744.7906,USD,2026-01-11
MXN,17.9854,USD,2026-01-11
MYR,4.0688,USD,2026-01-11
MZN,63.5865,USD,2026-01-11
NAD,16.5035,USD,2026-01-11
NGN,1423.0629,USD,2026-01-11
NIO,36.8037,USD,2026-01-11
NOK,10.0997,USD,2026-01-11
NPR,144.2529,USD,2026-01-11
NZD,1.745,USD,2026-01-11
OMR,0.3845,USD,2026-01-11
PAB,1.0,USD,2026-01-11
PEN,3.3618,USD,2026-01-11
PGK,4.2648,USD,2026-01-11
PHP,59.2666,USD,2026-01-11
PKR,282.0058,USD,2026-01-11
PLN,3.6169,USD,2026-01-11
PYG,6712.3671,USD,2026-01-11
QAR,3.64,USD,2026-01-11
RON,4.3685,USD,2026-01-11
RSD,100.6016,USD,2026-01-11
RUB,79.3354,USD,2026-01-11
RWF,1459.4377,USD,2026-01-11
SAR,3.75,USD,2026-01-11
SBD,8.0221,USD,2026-01-11
SCR,14.28,USD,2026-01-11
SDG,509.0725,USD,2026-01-11
SEK,9.2155,USD,2026-01-11
SGD,1.2866,USD,2026-01-11
SHP,0.7455,USD,2026-01-11
SLE,23.8366,USD,2026-01-11
SLL,23836.6113,USD,2026-01-11
SOS,570.1912,USD,2026-01-11
SRD,38.1825,USD,2026-01-11
SSP,4687.7882,USD,2026-01-11
STN,21.0483,USD,2026-01-11
SYP,113.9702,USD,2026-01-11
SZL,16.5035,USD,2026-01-11
THB,31.4285,USD,2026-01-11
TJS,9.2336,USD,2026-01-11
TMT,3.4999,USD,2026-01-11
TND,2.8873,USD,2026-01-11
TOP,2.3913,USD,2026-01-11
TRY,43.1188,USD,2026-01-11
TTD,6.7682,USD,2026-01-11
TVD,1.4955,USD,2026-01-11
TWD,31.6302,USD,2026-01-11
TZS,2456.7214,USD,2026-01-11
UAH,43.0631,USD,2026-01-11
UGX,3572.5543,USD,2026-01-11
UYU,38.9607,USD,2026-01-11
UZS,12124.341,USD,2026-01-11
VES,330.3751,USD,2026-01-11
VND,26184.6772,USD,2026-01-11
VUV,120.2799,USD,2026-01-11
WST,2.7445,USD,2026-01-11
XAF,563.542,USD,2026-01-11
XCD,2.7,USD,2026-01-11
XCG,1.79,USD,2026-01-11
XDR,0.731,USD,2026-01-11
XOF,563.542,USD,2026-01-11
XPF,102.5198,USD,2026-01-11
YER,238.4069,USD,2026-01-11
ZAR,16.5035,USD,2026-01-11
ZMW,19.7114,USD,2026-01-11
ZWG,25.7183,USD,2026-01-11
ZWL,25.7183,USD,2026-01-11
USD,1.0,USD,2026-01-12
AED,3.6725,USD,2026-01-12
AFN,66.0839,USD,2026-01-12
ALL,82.6851,USD,2026-01-12
AMD,381.3546,USD,2026-01-12
ANG,1.79,USD,2026-01-12
AOA,919.4276,USD,2026-01-12
ARS,1452.25,USD,2026-01-12
AUD,1.4955,USD,2026-01-12
AWG,1.79,USD,2026-01-12
AZN,1.7001,USD,2026-01-12
BAM,1.6803,USD,2026-01-12
BBD,2.0,USD,2026-01-12
BDT,122.1856,USD,2026-01-12
BGN,1.6637,USD,2026-01-12
BHD,0.376,USD,2026-01-12
BIF,2968.0881,USD,2026-01-12
BMD,1.0,USD,2026-01-12
BND,1.2866,USD,2026-01-12
BOB,6.9299,USD,2026-01-12
BRL,5.3822,USD,2026-01-12
BSD,1.0,USD,2026-01-12
BTN,90.1581,USD,2026-01-12
BWP,13.7834,USD,2026-01-12
BYN,2.9516,USD,2026-01-12
BZD,2.0,USD,2026-01-12
CAD,1.3891,USD,2026-01-12
CDF,2245.5768,USD,2026-01-12
CHF,0.8009,USD,2026-01-12
CLF,0.02269,USD,2026-01-12
CLP,896.9256,USD,2026-01-12
CNH,6.9764,USD,2026-01-12
CNY,6.9967,USD,2026-01-12
COP,3732.9619,USD,2026-01-12
CRC,497.1837,USD,2026-01-12
CUP,24.0,USD,2026-01-12
CVE,94.7302,USD,2026-01-12
CZK,20.8676,USD,2026-01-12
DJF,177.721,USD,2026-01-12
DKK,6.4101,USD,2026-01-12
DOP,63.4651,USD,2026-01-12
DZD,129.9411,USD,2026-01-12
EGP,47.2833,USD,2026-01-12
ERN,15.0,USD,2026-01-12
ETB,154.1122,USD,2026-01-12
EUR,0.8591,USD,2026-01-12
FJD,2.2767,USD,2026-01-12
FKP,0.7455,USD,2026-01-12
FOK,6.4101,USD,2026-01-12
GBP,0.7455,USD,2026-01-12
GEL,2.6956,USD,2026-01-12
GGP,0.7455,USD,2026-01-12
GHS,10.7302,USD,2026-01-12
GIP,0.7455,USD,2026-01-12
GMD,73.8735,USD,2026-01-12
GNF,8747.559,USD,2026-01-12
GTQ,7.6652,USD,2026-01-12
GYD,209.1516,USD,2026-01-12
HKD,7.7943,USD,2026-01-12
HNL,26.3702,USD,2026-01-12
HRK,6.473,USD,2026-01-12
HTG,130.9679,USD,2026-01-12
HUF,331.1277,USD,2026-01-12
IDR,16817.1785,USD,2026-01-12
ILS,3.1602,USD,2026-01-12
IMP,0.7455,USD,2026-01-12
INR,90.1802,USD,2026-01-12
IQD,1310.6298,USD,2026-01-12
IRR,42085.058,USD,2026-01-12
ISK,126.5743,USD,2026-01-12
JEP,0.7455,USD,2026-01-12
JMD,158.1326,USD,2026-01-12
JOD,0.709,USD,2026-01-12
JPY,157.7408,USD,2026-01-12
KES,128.9732,USD,2026-01-12
KGS,87.3915,USD,2026-01-12
KHR,4018.7021,USD,2026-01-12
KID,1.4955,USD,2026-01-12
KMF,422.6565,USD,2026-01-12
KRW,1457.3794,USD,2026-01-12
KWD,0.3072,USD,2026-01-12
KYD,0.8333,USD,2026-01-12
KZT,510.5096,USD,2026-01-12
LAK,21687.2395,USD,2026-01-12
LBP,89500.0,USD,2026-01-12
LKR,309.6293,USD,2026-01-12
LRD,179.1411,USD,2026-01-12
LSL,16.5035,USD,2026-01-12
LYD,5.4155,USD,2026-01-12
MAD,9.2279,USD,2026-01-12
MDL,16.8613,USD,2026-01-12
MGA,4597.6518,USD,2026-01-12
MKD,52.8151,USD,2026-01-12
MMK,2103.0299,USD,2026-01-12
MNT,3559.191,USD,2026-01-12
MOP,8.0282,USD,2026-01-12
MRU,39.9671,USD,2026-01-12
MUR,46.5949,USD,2026-01-12
MVR,15.4402,USD,2026-01-12
MWK,1744.7906,USD,2026-01-12
MXN,17.9854,USD,2026-01-12
MYR,4.0688,USD,2026-01-12
MZN,63.5865,USD,2026-01-12
NAD,16.5035,USD,2026-01-12
NGN,1423.0629,USD,2026-01-12
NIO,36.8037,USD,2026-01-12
NOK,10.0997,USD,2026-01-12
NPR,144.2529,USD,2026-01-12
NZD,1.745,USD,2026-01-12
OMR,0.3845,USD,2026-01-12
PAB,1.0,USD,2026-01-12
PEN,3.3618,USD,2026-01-12
PGK,4.2648,USD,2026-01-12
PHP,59.2666,USD,2026-01-12
PKR,282.0058,USD,2026-01-12
PLN,3.6169,USD,2026-01-12
PYG,6712.3671,USD,2026-01-12
QAR,3.64,USD,2026-01-12
RON,4.3685,USD,2026-01-12
RSD,100.6016,USD,2026-01-12
RUB,79.3354,USD,2026-01-12
RWF,1459.4377,USD,2026-01-12
SAR,3.75,USD,2026-01-12
SBD,8.0221,USD,2026-01-12
SCR,14.28,USD,2026-01-12
SDG,509.0725,USD,2026-01-12
SEK,9.2155,USD,2026-01-12
SGD,1.2866,USD,2026-01-12
SHP,0.7455,USD,2026-01-12
SLE,23.8366,USD,2026-01-12
SLL,23836.6113,USD,2026-01-12
SOS,570.1912,USD,2026-01-12
SRD,38.1825,USD,2026-01-12
SSP,4687.7882,USD,2026-01-12
STN,21.0483,USD,2026-01-12
SYP,113.9702,USD,2026-01-12
SZL,16.5035,USD,2026-01-12
THB,31.4285,USD,2026-01-12
TJS,9.2336,USD,2026-01-12
TMT,3.4999,USD,2026-01-12
TND,2.8873,USD,2026-01-12
TOP,2.3913,USD,2026-01-12
TRY,43.1188,USD,2026-01-12
TTD,6.7682,USD,2026-01-12
TVD,1.4955,USD,2026-01-12
TWD,31.6302,USD,2026-01-12
TZS,2456.7214,USD,2026-01-12
UAH,43.0631,USD,2026-01-12
UGX,3572.5543,USD,2026-01-12
UYU,38.9607,USD,2026-01-12
UZS,12124.341,USD,2026-01-12
VES,330.3751,USD,2026-01-12
VND,26184.6772,USD,2026-01-12
VUV,120.2799,USD,2026-01-12
WST,2.7445,USD,2026-01-12
XAF,563.542,USD,2026-01-12
XCD,2.7,USD,2026-01-12
XCG,1.79,USD,2026-01-12
XDR,0.731,USD,2026-01-12
XOF,563.542,USD,2026-01-12
XPF,102.5198,USD,2026-01-12
YER,238.4069,USD,2026-01-12
ZAR,16.5035,USD,2026-01-12
ZMW,19.7114,USD,2026-01-12
ZWG,25.7183,USD,2026-01-12
ZWL,25.7183,USD,2026-01-12
USD,1.0,USD,2026-09-29
AED,3.6725,USD,2026-09-29
AFN,64.3826,USD,2026-09-29
ALL,80.8078,USD,2026-09-29
AMD,363.4885,USD,2026-09-29
ANG,1.79,USD,2026-09-29
AOA,928.0473,USD,2026-09-29
ARS,1528.7563,USD,2026-09-29
AUD,1.425,USD,2026-09-29
AWG,1.79,USD,2026-09-29
AZN,1.6996,USD,2026-09-29
BAM,1.7199,USD,2026-09-29
BBD,2.0,USD,2026-09-29
BDT,123.1002,USD,2026-09-29
BGN,1.7199,USD,2026-09-29
BHD,0.376,USD,2026-09-29
BIF,2989.2698,USD,2026-09-29
BMD,1.0,USD,2026-09-29
BND,1.2777,USD,2026-09-29
BOB,12.2351,USD,2026-09-29
BRL,5.2101,USD,2026-09-29
BSD,1.0,USD,2026-09-29
BTN,96.076,USD,2026-09-29
BWP,14.0024,USD,2026-09-29
BYN,3.0258,USD,2026-09-29
BZD,2.0,USD,2026-09-29
CAD,1.4168,USD,2026-09-29
CDF,2311.0022,USD,2026-09-29
CHF,0.8318,USD,2026-09-29
CLF,0.02433,USD,2026-09-29
CLP,961.514,USD,2026-09-29
CNH,6.7108,USD,2026-09-29
CNY,6.7216,USD,2026-09-29
COP,3300.8636,USD,2026-09-29
CRC,454.0125,USD,2026-09-29
CUP,24.0,USD,2026-09-29
CVE,96.9655,USD,2026-09-29
CZK,21.4492,USD,2026-09-29
DJF,177.721,USD,2026-09-29
DKK,6.5733,USD,2026-09-29
DOP,59.4822,USD,2026-09-29
DZD,133.8095,USD,2026-09-29
EGP,52.0586,USD,2026-09-29
ERN,15.0,USD,2026-09-29
ETB,162.3763,USD,2026-09-29
EUR,0.8794,USD,2026-09-29
FJD,2.2383,USD,2026-09-29
FKP,0.7544,USD,2026-09-29
FOK,6.5719,USD,2026-09-29
GBP,0.7544,USD,2026-09-29
GEL,2.6034,USD,2026-09-29
GGP,0.7544,USD,2026-09-29
GHS,11.6487,USD,2026-09-29
GIP,0.7544,USD,2026-09-29
GMD,74.5135,USD,2026-09-29
GNF,8794.7521,USD,2026-09-29
GTQ,7.6348,USD,2026-09-29
GYD,209.1675,USD,2026-09-29
HKD,7.8447,USD,2026-09-29
HNL,26.8358,USD,2026-09-29
HRK,6.6257,USD,2026-09-29
HTG,130.8595,USD,2026-09-29
HUF,322.8355,USD,2026-09-29
IDR,17987.8552,USD,2026-09-29
ILS,3.0701,USD,2026-09-29
IMP,0.7544,USD,2026-09-29
INR,96.0707,USD,2026-09-29
IQD,1309.3178,USD,2026-09-29
IRR,1570958.3417,USD,2026-09-29
ISK,120.4525,USD,2026-09-29
JEP,0.7544,USD,2026-09-29
JMD,158.2893,USD,2026-09-29
JOD,0.709,USD,2026-09-29
JPY,157.28,USD,2026-09-29
KES,129.6565,USD,2026-09-29
KGS,87.4728,USD,2026-09-29
KHR,4048.8254,USD,2026-09-29
KID,1.425,USD,2026-09-29
KMF,432.6298,USD,2026-09-29
KRW,1359.2968,USD,2026-09-29
KWD,0.3086,USD,2026-09-29
KYD,0.8333,USD,2026-09-29
KZT,440.5583,USD,2026-09-29
LAK,22266.5957,USD,2026-09-29
LBP,89500.0,USD,2026-09-29
LKR,330.6533,USD,2026-09-29
LRD,172.0251,USD,2026-09-29
LSL,16.4099,USD,2026-09-29
LYD,6.3922,USD,2026-09-29
MAD,9.6365,USD,2026-09-29
MDL,17.7104,USD,2026-09-29
MGA,4403.1429,USD,2026-09-29
MKD,53.7295,USD,2026-09-29
MMK,2102.0049,USD,2026-09-29
MNT,3576.4646,USD,2026-09-29
MOP,8.0803,USD,2026-09-29
MRU,40.212,USD,2026-09-29
MUR,47.4318,USD,2026-09-29
MVR,15.4424,USD,2026-09-29
MWK,1747.4062,USD,2026-09-29
MXN,17.8829,USD,2026-09-29
MYR,4.0832,USD,2026-09-29
MZN,63.7848,USD,2026-09-29
NAD,16.4099,USD,2026-09-29
NGN,1329.3759,USD,2026-09-29
NIO,36.7949,USD,2026-09-29
NOK,9.5265,USD,2026-09-29
NPR,153.7216,USD,2026-09-29
NZD,1.7654,USD,2026-09-29
OMR,0.3845,USD,2026-09-29
PAB,1.0,USD,2026-09-29
PEN,3.4178,USD,2026-09-29
PGK,4.482,USD,2026-09-29
PHP,62.499,USD,2026-09-29
PKR,277.2407,USD,2026-09-29
PLN,3.8437,USD,2026-09-29
PYG,5895.2282,USD,2026-09-29
QAR,3.64,USD,2026-09-29
RON,4.6404,USD,2026-09-29
RSD,103.3257,USD,2026-09-29
RUB,84.3765,USD,2026-09-29
RWF,1475.3415,USD,2026-09-29
SAR,3.75,USD,2026-09-29
SBD,7.9414,USD,2026-09-29
SCR,14.6167,USD,2026-09-29
SDG,454.2429,USD,2026-09-29
SEK,9.9574,USD,2026-09-29
SGD,1.2777,USD,2026-09-29
SHP,0.7544,USD,2026-09-29
SLE,24.6139,USD,2026-09-29
SLL,24613.9432,USD,2026-09-29
SOS,571.8832,USD,2026-09-29
SRD,37.6794,USD,2026-09-29
SSP,6073.0177,USD,2026-09-29
STN,21.545,USD,2026-09-29
SYP,121.6781,USD,2026-09-29
SZL,16.4099,USD,2026-09-29
THB,33.5989,USD,2026-09-29
TJS,9.2367,USD,2026-09-29
TMT,3.4998,USD,2026-09-29
TND,2.9513,USD,2026-09-29
TOP,2.3945,USD,2026-09-29
TRY,48.9964,USD,2026-09-29
TTD,6.7541,USD,2026-09-29
TVD,1.425,USD,2026-09-29
TWD,31.8061,USD,2026-09-29
TZS,2649.3335,USD,2026-09-29
UAH,44.8192,USD,2026-09-29
UGX,3829.304,USD,2026-09-29
UYU,40.0835,USD,2026-09-29
UZS,11828.4781,USD,2026-09-29
VES,857.8876,USD,2026-09-29
VND,25939.4252,USD,2026-09-29
VUV,118.7437,USD,2026-09-29
WST,2.7226,USD,2026-09-29
XAF,576.8397,USD,2026-09-29
XCD,2.7,USD,2026-09-29
XCG,1.79,USD,2026-09-29
XDR,0.7364,USD,2026-09-29
XOF,576.8397,USD,2026-09-29
XPF,104.9389,USD,2026-09-29
YER,236.5109,USD,2026-09-29
ZAR,16.4112,USD,2026-09-29
ZMW,19.5795,USD,2026-09-29
ZWG,26.847,USD,2026-09-29
ZWL,26.847,USD,2026-09-29
